"ID";"target";"eta_df";"multiplic";"shift";"epsilon_df";"meanshift";"strength";"F_id";"pvSet_1";"pvSet_2";"pvSet_3";"pvSet_4";"pvSet_5";"pvSet_6";"pvSet_7";"pvSet_8";"pvSet_9";"pvSet_10";"pvSet_11";"pvSet_12";"pvSet_13";"pvSet_14";"pvSet_15";"pvSet_16";"pvSet_17";"pvSet_18";"pvSet_19";"pvSet_20";"pvSet_21";"pvSet_22";"pvSet_23";"pvSet_24";"pvSet_25";"pvSet_26";"pvSet_27";"pvSet_28";"pvSet_29";"pvSet_30";"pvSet_31"
"l-790580";"Z_1";"10";"product";"TRUE";"3";"1";"0.2";"2";"0.1471";"0.5596";"0.3251";"0.858";"0.2194";"0.4719";"0.0697";"0.505";"0.1473";"0.5342";"0.7141";"0.7948";"0.8361";"0.1951";"0.7371";"0.4739";"0.4875";"0.7709";"0.3448";"0.0726";"0.3688";"0.4042";"0.4713";"0.8685";"0.4094";"0.7239";"0.725";"0.8431";"0.4591";"0.6249";"0.8493"
"i-686905";"Z_4";"5";"product";"FALSE";"100";"0.2";"0.5";"3";"0.1593";"0.6159";"0.7699";"0.3097";"0.001";"1.0302";"0.6036";"0.1808";"0.0378";"1.4077";"0.7249";"0.0415";"0.6328";"0.2447";"0.0024";"1.0173";"1.8503";"0.2763";"0.6793";"0.598";"0.0448";"1.2277";"1.3513";"0.0307";"0.9654";"0.749";"0.6473";"0.6568";"0.3954";"0.7564";"1.1543"
"l-712999";"Z_1";"3";"product";"TRUE";"10";"1";"0.2";"4";"1.7518";"0.6155";"1.0625";"0.652";"0.416";"1.8073";"1.6662";"1.8196";"1.1039";"1.3612";"0.6387";"0.7043";"0.8964";"0.6245";"1.2439";"1.8351";"0.6662";"1.5701";"0.9831";"1.2871";"1.4276";"0.84";"1.1778";"0.4498";"0.8964";"1.3656";"1.0969";"1.0443";"1.7874";"1.2659";"0.933"
"k-655161";"Z_3";"50";"sum";"FALSE";"50";"0.2";"0.1";"3";"0.3424";"0.3044";"0.1277";"0.8437";"0.4372";"0.6911";"0.27";"1.1343";"0.4423";"0.3044";"1.2617";"0.4279";"0.2643";"0.2545";"0.1458";"0.1394";"0.7279";"0.4148";"0.0651";"0.136";"0.0582";"0.2137";"0.3765";"0.0909";"0.0334";"0.0954";"0.0421";"0.0494";"0.0325";"0.0622";"0.0055"
"a-889981";"Z_2";"5";"sum";"FALSE";"10";"0.5";"0";"1";"0.2102";"0.0847";"0.0489";"0.038";"0.0396";"0.0884";"0.2143";"0.3827";"0.1895";"0.0955";"0.1479";"0.0555";"0.2162";"0.0497";"0.1616";"0.0844";"0.04";"0.0359";"0.1069";"0.1078";"0.151";"0.1865";"0.0871";"0.2115";"0.113";"0.0324";"0.0517";"0.0362";"0.0868";"0.1938";"0.0214"
"j-334789";"Z_1";"3";"sum";"TRUE";"2";"1";"0";"4";"0.4349";"0.3931";"0.3478";"0.3557";"0.2386";"0.5944";"0.397";"0.5924";"0.3122";"0.64";"0.4231";"0.7271";"0.5344";"0.2387";"0.4312";"0.6395";"0.3791";"0.7732";"0.5104";"0.443";"0.4732";"0.6037";"0.635";"0.4686";"0.4614";"0.8032";"0.5546";"0.5314";"0.6487";"0.5488";"0.8072"
"k-259727";"Z_6";"50";"sum";"TRUE";"5";"0.1";"10";"3";"0";"0";"0";"1e-04";"8e-04";"2e-04";"0";"2e-04";"4e-04";"0";"0.0124";"5e-04";"0.0125";"0.0016";"0";"0";"0.0154";"0.0016";"0.0702";"0.0016";"0.0018";"0.0194";"4e-04";"0.1768";"0.8073";"0.0638";"0.0025";"0.0069";"0.6285";"1.0108";"1.5213"
"s-809109";"Z_5";"50";"product";"FALSE";"20";"10";"0.5";"2";"0.7136";"0.6649";"0.4886";"0.6705";"0.3517";"0.558";"0.8121";"0.6302";"0.428";"0.452";"0.7981";"0.2736";"0.8068";"0.3447";"0.3892";"0.666";"0.4654";"0.2553";"0.6366";"0.4285";"0.2094";"0.5363";"0.2853";"0.3421";"0.6235";"0.4885";"0.3369";"0.1765";"0.5385";"0.9841";"0.4688"
"o-550536";"Z_6";"10";"sum";"TRUE";"2";"2";"0.1";"2";"0.3719";"0.3609";"0.6861";"0.5089";"0.1465";"1.3621";"0.7421";"1.2693";"0.6064";"1.176";"0.5552";"0.5084";"0.2281";"0.348";"0.8055";"0.9661";"0.8148";"0.6319";"0.2158";"1.4684";"0.6247";"0.2077";"1.1339";"1.2379";"0.2172";"0.199";"1.6399";"1.7596";"0.2798";"0.4946";"0.976"
"t-903015";"Z_2";"10";"product";"TRUE";"100";"10";"0.5";"4";"1.405";"1.7016";"1.9219";"1.9173";"1.8609";"0.7126";"1.8874";"1.7464";"1.7121";"1.4068";"1.3834";"1.3694";"1.9243";"1.7838";"1.917";"1.8443";"1.2273";"1.3818";"1.0293";"1.9702";"1.9043";"1.9813";"1.8658";"1.9074";"0.478";"1.8963";"0.5579";"0.7764";"1.1934";"1.9153";"1.7751"
"j-649235";"Z_1";"5";"sum";"FALSE";"20";"0.2";"10";"2";"1.2412";"1.2807";"1.461";"1.5584";"1.4253";"0.8771";"1.1748";"1.0779";"1.3755";"1.3465";"1.3363";"1.7307";"1.2789";"1.5608";"1.4449";"1.1063";"0.9547";"1.2252";"1.6395";"1.3775";"1.9435";"1.3433";"1.3713";"1.3746";"1.5039";"1.0308";"1.3251";"1.5243";"1.8422";"1.2863";"1.985"
"h-940139";"Z_2";"50";"sum";"TRUE";"20";"0.1";"5";"3";"1.3519";"0.0489";"0.0399";"0.0042";"0.0823";"0.766";"1.0011";"1.1389";"1.3884";"0.0291";"0.0138";"0.0443";"0.0055";"0.0222";"0.0036";"0.379";"0.4074";"0.5275";"0.233";"0.9377";"0.988";"0.0021";"0.0453";"0.0068";"0.0137";"0.1158";"0.8039";"0.2726";"0.0998";"0.001";"0.1596"
"s-498520";"Z_3";"2";"product";"TRUE";"10";"1";"10";"2";"3e-04";"0.419";"0";"0";"0";"0.0124";"0";"3e-04";"0.0111";"0.1823";"0.2351";"1.0544";"0";"0";"0";"0";"0.0121";"5e-04";"0";"0.0037";"6e-04";"0.064";"0.8082";"0.1054";"0";"0.0202";"0.4231";"8e-04";"0.0051";"0.7928";"0.2591"
"g-408956";"Z_6";"100";"product";"TRUE";"50";"5";"0.1";"2";"1.1773";"0.9642";"0.1665";"0.2887";"1.306";"1.1295";"0.1286";"0.1973";"1.8006";"0.3086";"0.4823";"0.9189";"0.4583";"0.2147";"1.0799";"0.0848";"0.5245";"1.9183";"0.2179";"0.3502";"1.0365";"0.0564";"0.0354";"1.0818";"0.2237";"0.1369";"0.0577";"0.4205";"0.1583";"0.0345";"0.0515"
"g-248619";"Z_4";"5";"sum";"TRUE";"100";"0.2";"2";"1";"0.0487";"0.0228";"0.5372";"0.2762";"0.7996";"0.0095";"0.7231";"0.1578";"0.3587";"0.7541";"0.0431";"0.4677";"0.7405";"1.006";"0.0188";"0.6263";"0.0189";"0.4617";"0.4162";"1.1268";"0.024";"0.3489";"1.2883";"0.0132";"0.5578";"0.3093";"0.8277";"0.0171";"0.5952";"0.4215";"0.5282"
"p-694606";"Z_4";"5";"product";"FALSE";"100";"0.1";"0.2";"3";"0.0187";"0.05";"1.5548";"0.0423";"1.5599";"0.1049";"1.7261";"0.1229";"1.6325";"1.6941";"0.1516";"1.7638";"1.7339";"1.5145";"1.3906";"1.8922";"0.2876";"1.6749";"1.6987";"1.3707";"0.7914";"1.7051";"1.4288";"1.1263";"0.8245";"1.5819";"0.8696";"0.5309";"0.6335";"0.4019";"0.1763"
"m-695183";"Z_4";"100";"sum";"FALSE";"20";"0";"1";"2";"0.2999";"0.34";"0.9962";"0.6271";"0.0675";"0.4388";"1.1544";"0.4077";"0.083";"0.945";"0.3906";"0.0617";"1.2062";"0.2778";"0.2091";"0.8341";"0.2582";"0.0756";"1.7663";"1.0814";"0.1";"1.2621";"0.4311";"0.1519";"1.1661";"1.1682";"0.7467";"0.2324";"1.4452";"0.833";"1.4149"
"j-686573";"Z_1";"20";"product";"TRUE";"3";"0";"5";"1";"0.5795";"0.3988";"0.1439";"0.2337";"0.2444";"1.7228";"0.8786";"0.7813";"1.1846";"0.4802";"0.3171";"0.6029";"0.0997";"0.2444";"0.3988";"1.1699";"1.1708";"1.6988";"1.0528";"0.9519";"1.1312";"0.7126";"0.3523";"0.4503";"0.5694";"1.5086";"1.2114";"0.739";"1.2366";"0.7662";"0.7987"
"z-874106";"Z_3";"20";"product";"FALSE";"5";"0.2";"1";"4";"0.1186";"0.2268";"0.0732";"0.1754";"0.1345";"0.1254";"0.1511";"0.1426";"0.0871";"0.2736";"0.3537";"0.2754";"0.1735";"0.0836";"0.1531";"0.0901";"0.1324";"0.2149";"0.1344";"0.0632";"0.0248";"0.1496";"0.2171";"0.3465";"0.1238";"0.0583";"0.162";"0.1887";"0.1056";"0.194";"0.1918"
"x-371787";"Z_3";"3";"sum";"TRUE";"5";"0.2";"2";"2";"0.802";"0.1355";"0.7805";"0.6793";"0.7607";"0.6507";"1.1259";"1.0173";"0.7489";"0.0838";"0.16";"1.7908";"0.858";"1.7713";"0.7753";"0.9083";"0.3515";"1.5314";"0.9412";"0.4427";"0.7987";"0.331";"0.7082";"1.2589";"0.9431";"0.634";"1.8274";"1.2995";"0.6488";"1.3937";"1.5644"
"d-118062";"Z_1";"10";"sum";"FALSE";"5";"0.5";"2";"4";"0.8374";"0.742";"0.5425";"1.3355";"1.0226";"0.8284";"0.6719";"1.583";"1.2403";"0.8207";"1.1776";"1.2329";"0.6387";"0.8044";"1.5199";"0.8014";"1.3906";"1.1559";"0.6383";"1.1292";"1.2845";"0.6468";"0.7191";"1.0785";"0.8576";"0.9788";"0.8843";"1.1594";"0.7972";"0.6303";"1.0929"
"e-625382";"Z_6";"10";"product";"TRUE";"10";"0.1";"0";"1";"1.4658";"1.901";"1.5604";"0.1662";"1.5123";"1.8221";"1.8131";"0.1231";"1.3812";"1.6285";"0.1593";"1.6136";"0.1474";"0.3104";"1.188";"1.3649";"0.149";"1.5318";"0.0794";"0.4068";"1.0409";"0.1898";"0.8933";"1.6247";"0.1854";"0.1092";"0.8948";"0.0744";"0.4215";"0.4103";"0.1143"
"l-557425";"Z_4";"2";"product";"TRUE";"2";"5";"0.1";"4";"1.48";"0.6506";"0.5062";"0.4313";"0.3424";"1.7723";"0.4275";"1.2289";"1.4628";"0.6302";"0.5452";"0.3029";"0.3412";"0.3421";"0.3714";"1.3827";"1.3825";"1.4514";"1.1769";"1.2446";"1.037";"0.5327";"0.2944";"0.3348";"0.2636";"0.9434";"1.0903";"1.5684";"1.0565";"0.2205";"1.037"
"o-474019";"Z_3";"2";"sum";"FALSE";"2";"2";"1";"1";"0";"0.2107";"0";"0";"0.2533";"0.1397";"0.0013";"0";"0.2493";"4e-04";"0.2376";"0.3133";"0";"0.0792";"0.2928";"0.0131";"0.3065";"0.1617";"0";"0.1893";"0.2805";"0";"0.0354";"0.0558";"0.6911";"0.0012";"0.2024";"0.1307";"0.8367";"0.3153";"0.1804"
"l-504162";"Z_3";"50";"sum";"TRUE";"20";"0";"0.2";"1";"0.5242";"0.2804";"1.051";"0.5433";"0.5033";"0.1788";"0.8391";"0.3348";"0.4645";"0.7222";"0.2587";"0.3132";"1.234";"0.4453";"0.2339";"0.407";"0.079";"0.2782";"0.5038";"0.4237";"0.125";"0.4734";"0.2311";"0.1351";"0.1394";"0.2185";"0.2067";"0.2675";"0.2549";"0.0974";"0.1631"
"v-911171";"Z_1";"100";"sum";"FALSE";"50";"0.5";"0.5";"2";"0.0268";"0.4652";"0.4631";"0.6652";"0.3352";"0.0159";"0.0079";"0.0247";"0.0105";"0.4086";"0.7986";"0.4001";"0.7304";"0.5007";"0.4073";"0.022";"0.0215";"0.0186";"0.0048";"0.0084";"0.0135";"0.3662";"0.4073";"0.4132";"0.4872";"0.0432";"0.0038";"0.0138";"0.0048";"0.2953";"0.0178"
"w-860849";"Z_2";"50";"product";"FALSE";"20";"0";"0.2";"4";"0.8876";"0.8056";"0.4509";"0.8797";"0.8387";"0.7142";"0.6138";"0.6712";"0.8489";"0.768";"0.7328";"0.8569";"0.3481";"0.9326";"0.7391";"0.7106";"0.7947";"1.1454";"0.3029";"0.5921";"1.157";"0.4105";"0.8067";"0.7658";"0.6492";"0.5495";"1.0602";"0.6629";"0.381";"0.835";"1.0389"
"m-425448";"Z_2";"2";"sum";"FALSE";"5";"0.1";"10";"3";"0.0164";"0.0156";"0.0085";"0.0037";"0.0044";"0.069";"0.1612";"0.0472";"0.1058";"0.0151";"0.0254";"0.0104";"0.0345";"0.008";"0.0037";"0.119";"0.0542";"0.3208";"0.7777";"0.2009";"0.0278";"0.0799";"0.0192";"0.1173";"0.0064";"0.0583";"0.7029";"0.0372";"0.9169";"0.015";"0.6984"
"j-185626";"Z_5";"20";"product";"TRUE";"10";"0.2";"0";"1";"1.5213";"1.3199";"1.5156";"1.5442";"1.4491";"1.5526";"1.6268";"1.3632";"1.5568";"1.3692";"1.4755";"1.6848";"1.2527";"0.3159";"0.7788";"1.4528";"1.0551";"1.4389";"1.1792";"0.6093";"0.7132";"0.7114";"0.5202";"0.8374";"0.4406";"0.8934";"0.1487";"0.4419";"0.6375";"0.8028";"0.7395"
"x-325439";"Z_6";"50";"product";"TRUE";"5";"5";"0.5";"1";"0.0011";"0.0034";"0";"0";"0.1618";"1e-04";"0";"0";"0.8946";"0";"0";"1.0665";"0";"0.0713";"0.2887";"0";"0";"1.1549";"0";"0.0301";"0.1667";"0";"0.0353";"0.1069";"0.2581";"0";"0.0231";"0.0261";"0.3348";"0.4427";"0.9306"
"v-104640";"Z_1";"2";"product";"TRUE";"100";"0";"0.5";"2";"0.6702";"0.5451";"0.497";"0.7409";"0.6525";"0.2665";"0.57";"1.0829";"0.4122";"0.3854";"0.2665";"0.5792";"0.6336";"0.562";"0.4246";"0.2009";"0.2317";"0.1801";"0.9169";"0.5287";"0.6605";"0.1736";"0.3268";"0.24";"0.6336";"0.2082";"0.1612";"0.1441";"0.4748";"0.316";"0.323"
"m-552840";"Z_6";"50";"sum";"FALSE";"50";"0.5";"1";"1";"0.1665";"0.1051";"0.8386";"0.0069";"0.0026";"0.2712";"1.2695";"3e-04";"5e-04";"0.8739";"0.002";"0.1118";"0.851";"0.3126";"0.3733";"0.9012";"0.0044";"0.0246";"1.4879";"0.6032";"0.0886";"0.222";"0.48";"0.1904";"1.8846";"0.6276";"0.3315";"0.1241";"0.9758";"1.9633";"1.0812"
"o-756331";"Z_1";"50";"product";"FALSE";"10";"0.5";"0.1";"2";"0.5642";"1.3019";"1.4821";"1.3833";"1.5491";"0.2176";"0.4593";"0.3341";"0.4323";"1.6785";"1.7897";"1.8519";"1.3377";"1.0961";"1.596";"0.2634";"0.4225";"0.3449";"0.4295";"0.5896";"0.5788";"1.5431";"1.372";"1.6684";"0.9209";"0.319";"0.2361";"0.2321";"0.4722";"0.9753";"0.3159"
"n-104244";"Z_1";"5";"product";"FALSE";"20";"2";"5";"2";"0.4906";"0.3777";"0.5644";"0.5511";"0.5458";"0.3817";"0.4585";"0.5167";"0.4242";"0.3496";"0.4988";"0.4432";"0.5201";"0.5059";"0.4895";"0.4079";"0.429";"0.4353";"0.4835";"0.4162";"0.5093";"0.3825";"0.3668";"0.4088";"0.5175";"0.2831";"0.3783";"0.4491";"0.4546";"0.4412";"0.402"
"w-576021";"Z_1";"100";"product";"FALSE";"2";"5";"2";"4";"0.3562";"0.6018";"0.5814";"0.663";"0.6483";"0.4045";"0.294";"0.3434";"0.597";"0.55";"0.7499";"0.7453";"0.7142";"0.4459";"0.5022";"0.3555";"0.8652";"0.5873";"0.2602";"0.4191";"0.311";"0.8431";"0.4752";"0.7979";"0.2726";"0.8489";"0.3939";"0.5543";"0.2338";"0.9228";"0.8506"
"o-444912";"Z_5";"100";"product";"TRUE";"50";"5";"0.5";"2";"0.9632";"0.8431";"0.9209";"0.6482";"0.4595";"0.9191";"0.9301";"0.9845";"0.9775";"0.8533";"0.8585";"0.8303";"0.8986";"0.9787";"0.7936";"0.8754";"0.9471";"0.8913";"0.9777";"0.9732";"0.7605";"0.7357";"0.893";"0.7178";"0.8857";"1.0032";"0.9485";"0.524";"0.8979";"0.7593";"0.8582"
"k-748760";"Z_3";"50";"sum";"FALSE";"5";"0.5";"0.5";"3";"0.6004";"0.4847";"1.206";"0.2076";"0.0191";"0.844";"0.1108";"0.5699";"0.2749";"1.0757";"0.279";"0.1282";"1.1945";"0.1459";"0.0478";"1.6251";"0.7199";"0.0528";"0.2437";"0.8249";"0.262";"0.7532";"0.46";"0.3499";"0.0944";"0.9953";"0.3596";"0.0667";"1.0166";"0.636";"0.924"
"g-589204";"Z_2";"50";"product";"TRUE";"5";"0";"0.5";"4";"0.1685";"0.3227";"0.7264";"0.4046";"0.1594";"0.2974";"0.4724";"0.3657";"0.3035";"0.2982";"0.4011";"0.486";"1.1605";"0.6054";"0.4643";"0.3019";"0.4101";"0.3189";"0.2602";"0.4047";"0.2098";"0.3692";"0.6846";"0.4154";"0.7848";"0.4607";"0.3026";"0.6161";"0.1733";"0.3841";"0.5394"
"f-591410";"Z_3";"2";"sum";"FALSE";"100";"0.5";"2";"2";"0.0569";"0.057";"0.8958";"0.1046";"0.0153";"0.0218";"0.7497";"0.061";"0.0166";"0.335";"0.0603";"0.0139";"1.1305";"1.2062";"0.0137";"0.7293";"0.0289";"0.0135";"0.398";"1.3823";"0.0162";"0.5611";"0.7431";"0.0157";"0.6938";"0.6933";"0.6631";"0.0132";"0.3842";"0.0152";"0.1268"
"d-960159";"Z_5";"10";"sum";"FALSE";"3";"5";"10";"1";"1.2361";"1.0751";"1.3953";"1.2";"1.2923";"1.4008";"1.4538";"1.4433";"1.2016";"1.3169";"0.2401";"1.6059";"1.0188";"1.2003";"1.4234";"1.1698";"1.2693";"1.1127";"1.4591";"1.2138";"1.2841";"1.2473";"1.1611";"1.3417";"1.1694";"1.4746";"1.1383";"1.3916";"1.1541";"1.4613";"1.0685"
"n-940186";"Z_6";"5";"product";"TRUE";"5";"0.5";"1";"1";"0.5376";"0.5376";"0.2749";"0.934";"0.4715";"0.5376";"0.1597";"0.8141";"0.4365";"0.2671";"0.9329";"0.3317";"0.6138";"0.5781";"0.3986";"0.1776";"0.8498";"0.6446";"0.6081";"0.5781";"0.4958";"0.4864";"0.515";"0.6584";"0.7803";"0.5181";"0.4556";"0.8985";"0.7693";"1.1129";"0.8452"
"g-164386";"Z_5";"100";"sum";"TRUE";"20";"5";"10";"3";"0.1915";"0.1931";"0.1289";"0.2627";"0.3781";"0.2822";"0.2642";"0.1858";"0.5464";"0.196";"0.2695";"0.0968";"0.1892";"0.2504";"0.3907";"0.1895";"0.2199";"0.2492";"0.1693";"0.3044";"0.334";"0.1096";"0.2441";"0.222";"0.1327";"0.2511";"0.3676";"0.3781";"0.1509";"0.2435";"0.3075"
"a-850746";"Z_3";"5";"sum";"FALSE";"5";"2";"0.2";"2";"0";"1e-04";"0";"1e-04";"0";"0";"0";"0";"0";"0";"1e-04";"0";"1e-04";"0";"0";"0";"0";"0";"0";"0";"0";"0";"0";"0";"0";"0";"0";"0";"0";"0";"0"
"n-963282";"Z_3";"10";"sum";"TRUE";"10";"0.1";"0.1";"2";"0.8239";"0.7607";"0.1433";"0.3365";"0.8149";"1.0741";"0.3499";"0.7545";"0.9403";"0.1755";"0.7904";"0.7789";"0.1821";"1.716";"0.2439";"0.4091";"0.6337";"1.7416";"0.2531";"1.7529";"0.3837";"0.4807";"1.9381";"0.6396";"1.5575";"1.0986";"1.9977";"1.3104";"1.1207";"1.0987";"1.1485"
"x-902635";"Z_4";"20";"sum";"TRUE";"20";"0.1";"0.5";"3";"0.0763";"0.5741";"0.5921";"0.2415";"0.8523";"0.2579";"0.7271";"0.2317";"0.6444";"0.95";"0.7291";"0.994";"0.7139";"1.1586";"1.0803";"0.9808";"0.168";"0.583";"0.5153";"0.7805";"0.5151";"0.66";"0.8101";"0.6922";"1.1729";"0.9052";"0.5028";"1.0975";"0.6012";"0.6389";"0.7281"
"r-733159";"Z_4";"5";"product";"FALSE";"50";"5";"0.2";"4";"1.3089";"0.2787";"1.1642";"0.1521";"0.5272";"0.3239";"0.7544";"0.7802";"1.1182";"1.95";"0.478";"0.0252";"0.8882";"0.432";"0.3597";"1.7893";"0.8523";"0.0773";"0.4879";"0.4517";"0.1951";"1.6682";"0.808";"0.1339";"0.4311";"1.8428";"0.5038";"0.6744";"0.526";"1.4142";"0.9913"
"m-883192";"Z_5";"5";"product";"TRUE";"3";"10";"0.2";"2";"0.3258";"0.3258";"0.2031";"0.1511";"0.8503";"0.2639";"0.162";"0.1583";"1.4561";"0.3537";"0.1986";"0.8113";"0.2031";"1.212";"0.9617";"0.2935";"0.1443";"1.3155";"0.1965";"1.7181";"1.3652";"0.1657";"0.9584";"1.3861";"1.8723";"0.2122";"0.9627";"1.6069";"1.8551";"1.7866";"1.9254"
"g-186677";"Z_3";"10";"product";"FALSE";"3";"5";"0.1";"1";"0.5931";"0.8933";"0.5688";"0.7792";"0.96";"0.5821";"0.5241";"0.5864";"0.2866";"0.7408";"0.9574";"0.9138";"0.4616";"0.7587";"0.9785";"0.5226";"0.5508";"0.5464";"0.1985";"0.2691";"0.4214";"0.1655";"0.6806";"0.8904";"0.3669";"0.2202";"0.2471";"0.3009";"0.4386";"0.4999";"0.2077"
"t-673999";"Z_3";"5";"product";"TRUE";"100";"2";"10";"3";"0.0168";"0";"0.0011";"0.0588";"0";"1.5246";"0.0144";"0.035";"0.0411";"0.0479";"0.0037";"0";"0.0122";"0.0469";"5e-04";"0.1116";"0.9725";"0.3963";"0.0168";"0.0854";"0.043";"0.0553";"0.0067";"0.0019";"0.1203";"1.0777";"1.2988";"0.7244";"0.024";"9e-04";"0.7035"
"e-624800";"Z_1";"50";"product";"FALSE";"5";"10";"0.1";"3";"0.9406";"1.061";"1.1731";"1.8163";"1.3055";"0.9894";"0.839";"0.8682";"0.8815";"1.0583";"1.0233";"1.1763";"1.5832";"1.638";"1.5298";"0.7687";"1.0136";"0.9029";"0.6168";"0.8102";"0.8161";"1.1089";"1.4991";"1.1585";"1.7653";"1.626";"1.2901";"1.1378";"0.5319";"1.4771";"1.1717"
"f-944749";"Z_2";"5";"product";"TRUE";"3";"0.2";"0";"1";"0.2348";"1.1227";"0.5392";"1.4895";"0.7774";"0.6579";"0.1892";"0.3149";"0.4442";"0.4501";"0.6962";"0.9103";"0.7793";"0.7143";"0.5742";"0.7955";"0.2266";"0.1892";"0.3044";"0.211";"0.2306";"0.5015";"0.7532";"0.6194";"0.7605";"0.5116";"0.4586";"0.2389";"0.1228";"0.848";"0.1515"
"l-760185";"Z_3";"100";"sum";"FALSE";"3";"10";"5";"3";"0";"0";"0";"0";"0";"0.2874";"0";"0.9406";"0.7722";"0.1045";"0";"0";"0.8809";"1.2604";"0";"0.3194";"0.5966";"0.1425";"1.483";"0.8784";"1.0969";"0.486";"0.6931";"0";"0.605";"0.5593";"0.2537";"0.2623";"0.0228";"0.7521";"0.2005"
"f-921506";"Z_3";"5";"sum";"TRUE";"100";"0.5";"1";"2";"1.1731";"0.8957";"0.2324";"0.2481";"0.3913";"1.2277";"1.1635";"1.1804";"0.6209";"1.0217";"0.4332";"0.7141";"0.2249";"0.2065";"0.5336";"1.2865";"1.192";"0.5781";"1.2503";"0.6209";"0.4666";"0.6655";"0.3851";"0.7235";"0.0842";"1.168";"0.6209";"0.6499";"0.5455";"0.318";"0.7735"
"t-657211";"Z_2";"50";"product";"TRUE";"20";"0.1";"5";"1";"0.5798";"0";"0";"3e-04";"0";"0.0826";"1.4122";"0.4809";"0.8059";"0";"0";"0";"0";"0";"1e-04";"0.5399";"0.2814";"0.6214";"1.3196";"0.6431";"0.9609";"0.0113";"0";"0.0018";"1e-04";"0.2888";"0.7197";"0.4616";"1.165";"0.012";"1.4113"
"p-943912";"Z_6";"5";"sum";"FALSE";"2";"10";"1";"4";"1.1146";"0.9418";"0.9673";"1.0423";"1.0686";"0.957";"1.2357";"0.9285";"0.9515";"0.9281";"0.6692";"0.7842";"0.7538";"1.2867";"1.2046";"1.1804";"0.4499";"1.0779";"0.6705";"1.2167";"0.282";"0.635";"0.1232";"0.5645";"0.9514";"0.467";"1.0514";"0.3711";"0.5369";"0.4474";"0.4979"
"y-704972";"Z_2";"20";"product";"TRUE";"3";"10";"5";"4";"0.0023";"0.0019";"0.0011";"7e-04";"8e-04";"0.0017";"0.0016";"0.0011";"6e-04";"0.0014";"0.0015";"9e-04";"0.0013";"0.0012";"7e-04";"7e-04";"0.0017";"9e-04";"0.0016";"0.001";"9e-04";"0.0011";"7e-04";"0.001";"5e-04";"0.001";"0.001";"7e-04";"0.0023";"9e-04";"0.0017"
"t-437530";"Z_2";"2";"sum";"TRUE";"10";"2";"5";"4";"0.2325";"1.2265";"0.6685";"0.9102";"0.4452";"1.3379";"0.1564";"1.096";"0.5377";"0.9483";"1.0495";"1.4391";"0.7427";"0.4805";"0.5579";"1.2322";"1.2902";"1.5875";"0.338";"1.1176";"0.8282";"0.8854";"1.3214";"1.3023";"0.6925";"1.0141";"1.3981";"1.281";"0.8231";"1.1089";"1.5691"
"o-684988";"Z_3";"50";"sum";"TRUE";"20";"10";"10";"3";"0.0673";"1.6049";"1.5302";"1.6528";"1.7073";"1.0901";"1.4458";"1.863";"0.6233";"1.6717";"1.2123";"0.3096";"1.3044";"0.688";"1.7683";"1.211";"0.5894";"0.8879";"1.1372";"0.931";"0.9419";"1.1197";"0.8415";"1.056";"1.1876";"0.6043";"0.8839";"0.9715";"0.9483";"0.7811";"0.7093"
"e-464327";"Z_5";"20";"sum";"TRUE";"20";"5";"0.5";"2";"0.387";"0.4262";"0.3694";"0.4239";"0.3669";"0.4088";"0.3803";"0.4074";"0.361";"0.4082";"0.3977";"0.3536";"0.4302";"0.36";"0.2944";"0.3708";"0.4382";"0.3133";"0.4175";"0.3305";"0.3599";"0.4465";"0.3423";"0.3269";"0.3262";"0.4153";"0.3598";"0.2492";"0.3279";"0.3153";"0.245"
"e-832564";"Z_4";"20";"sum";"TRUE";"3";"10";"5";"4";"0.0501";"0.0368";"0.2087";"0.0733";"0.2878";"0.0575";"0.2289";"0.1111";"0.0959";"1.5801";"0.0577";"1.0919";"0.2922";"1.2454";"0.2463";"1.5583";"0.0139";"1.2249";"0.2396";"1.5116";"0.451";"1.7618";"0.495";"1.3583";"1.7097";"1.6127";"1.5892";"1.3904";"1.4067";"1.3743";"1.3617"
"z-564375";"Z_1";"2";"sum";"FALSE";"20";"0.2";"0.5";"1";"0.4523";"1.7393";"1.4997";"1.9915";"1.7445";"0.2369";"0.9492";"0.5395";"0.3372";"1.5986";"1.529";"1.6746";"1.5942";"1.6614";"1.4168";"0.4033";"0.2604";"0.3386";"0.7015";"0.6455";"0.2683";"1.4994";"1.1294";"1.4056";"1.6498";"0.7167";"0.2196";"0.4694";"0.4304";"1.4727";"0.426"
"e-189349";"Z_5";"3";"sum";"TRUE";"20";"1";"0.5";"1";"0.7328";"0.9335";"0.7134";"0.6887";"1.0616";"0.7187";"0.8625";"0.7799";"0.9735";"0.7347";"0.6547";"0.8586";"0.6839";"0.8869";"0.7002";"0.692";"0.7319";"0.7835";"0.5143";"1.0908";"0.5233";"0.6467";"0.9399";"0.4332";"0.9942";"0.5708";"0.842";"0.4238";"0.3681";"0.6182";"0.434"
"s-724225";"Z_6";"50";"sum";"FALSE";"20";"10";"10";"2";"0";"0";"0";"2e-04";"0.0011";"0";"0";"0";"0.0196";"0";"0";"0.0075";"0";"0.5307";"1.4735";"0";"0";"0.9571";"0";"0.2463";"0.0016";"0";"0.322";"0.3422";"0";"0";"0.1205";"0.0293";"5e-04";"1.2889";"0.0055"
"l-869547";"Z_2";"2";"sum";"FALSE";"5";"0";"0.1";"1";"0.1574";"0.2245";"0.3782";"0.1472";"0.2599";"0.0693";"0.1494";"0.1658";"0.1837";"0.2476";"0.1745";"0.1932";"0.3295";"0.2358";"0.3144";"0.0919";"0.0777";"0.0654";"0.2136";"0.1418";"0.1658";"0.1932";"0.2245";"0.2727";"0.3782";"0.0869";"0.0869";"0.0822";"0.2032";"0.2358";"0.0869"
"o-554655";"Z_4";"5";"sum";"FALSE";"20";"0.5";"0";"4";"0.0809";"0.1955";"0.0952";"0.0311";"0.0941";"0.1393";"0.0796";"0.0955";"0.1336";"0.2628";"0.1248";"0.104";"0.1033";"0.1455";"0.1332";"0.4844";"0.1525";"0.1279";"0.27";"0.1817";"0.3055";"0.0976";"0.184";"0.1748";"0.1633";"0.4791";"0.2698";"0.1609";"0.24";"0.276";"0.1242"
"r-775038";"Z_6";"20";"sum";"TRUE";"10";"1";"1";"4";"1.0436";"1.0248";"1.1006";"1.3669";"0.9607";"1.1249";"1.3992";"1.4473";"1.0548";"1.2636";"1.163";"1.3064";"1.5545";"0.9304";"0.7995";"0.718";"0.893";"1.3614";"1.3522";"1.1907";"1.593";"0.802";"0.7405";"1.3336";"1.1038";"1.1471";"1.3196";"1.3746";"1.327";"0.9872";"1.0485"
"t-651472";"Z_5";"50";"sum";"FALSE";"20";"2";"0.5";"2";"0.8179";"0.8179";"0.7604";"0.874";"0.7671";"0.7646";"0.853";"0.8736";"0.8271";"0.7646";"0.9302";"0.8407";"0.7141";"0.6871";"0.7537";"0.7646";"0.8234";"0.7141";"0.7646";"0.8357";"0.8852";"0.7646";"0.8179";"0.8358";"0.8843";"0.7646";"0.9224";"0.92";"0.9723";"0.8959";"0.9441"
"h-370107";"Z_4";"50";"sum";"FALSE";"5";"2";"2";"3";"2e-04";"8e-04";"0.9086";"2e-04";"3e-04";"4e-04";"1.229";"2e-04";"0";"0.9804";"0.002";"0";"0.171";"0.3005";"0";"0.9926";"8e-04";"1e-04";"0.3003";"0.4229";"0";"0.5436";"0.0342";"0";"0.3178";"0.0424";"0.2184";"0.0029";"0.1117";"0.0589";"0.1028"
"x-959030";"Z_4";"50";"sum";"FALSE";"2";"10";"1";"1";"0";"0";"0.5856";"0";"0";"1.0789";"0.5828";"0";"0";"0.6002";"0";"0";"0.361";"1.6245";"0";"0.2813";"0.6976";"0.8382";"0.9985";"0.0064";"0";"0.3395";"0.5656";"0";"0.8856";"0.467";"1.1714";"0.0099";"0.6015";"1.5485";"1.3248"
"l-660659";"Z_2";"100";"product";"FALSE";"3";"1";"0";"1";"1.7025";"0.0442";"0.0084";"0.0161";"0.1529";"0.0156";"0.4377";"1.312";"0.2104";"0.0933";"0.1328";"0.1728";"0.0093";"0.1287";"0.0783";"0.015";"0.0648";"0.0538";"0.4009";"0.1186";"0.2352";"0.124";"0.183";"0.1145";"0.091";"0.0379";"0.0449";"0.0402";"0.0689";"0.078";"0.087"
"u-586062";"Z_3";"3";"sum";"TRUE";"5";"0.5";"10";"4";"0.2373";"0.208";"0.1925";"0.2802";"0.2826";"0.2053";"0.2709";"0.2511";"0.1945";"0.1681";"0.1972";"0.1756";"0.2143";"0.1925";"0.2212";"0.1662";"0.2065";"0.1173";"0.2297";"0.2671";"0.2244";"0.163";"0.1616";"0.2239";"0.336";"0.1713";"0.1297";"0.1518";"0.2051";"0.1807";"0.2045"
"p-456299";"Z_1";"5";"product";"TRUE";"5";"1";"0";"2";"1.0581";"1.4638";"1.7268";"1.4684";"1.699";"0.3871";"0.8288";"0.9736";"0.6649";"1.8338";"1.3036";"1.4696";"1.5729";"1.7256";"1.7474";"0.4276";"0.3856";"0.4325";"0.9427";"0.9415";"0.6136";"1.379";"1.6262";"1.3634";"1.5811";"1.1083";"0.2606";"0.5102";"0.7476";"1.9901";"0.6145"
"b-663053";"Z_4";"100";"sum";"TRUE";"2";"10";"0.2";"3";"0.8514";"0.0848";"1.0329";"1.5119";"0.0401";"1.3814";"1.2006";"1.9273";"0.9407";"1.0847";"0.972";"0.3363";"0.837";"0.8409";"0.412";"1.0646";"0.3068";"0.3483";"0.4836";"0.3318";"0.0898";"0.8027";"0.6381";"0.1129";"0.4947";"0.6904";"0.325";"0.096";"0.14";"0.1993";"0.0765"
"a-494462";"Z_1";"100";"product";"TRUE";"100";"1";"0.1";"4";"0.4191";"0.2658";"0.2713";"0.3962";"0.2194";"0.4688";"0.3523";"0.4421";"0.2509";"0.2454";"0.3393";"0.2484";"0.6169";"0.3758";"0.3196";"0.1933";"0.4209";"0.2325";"0.3304";"0.2927";"0.4343";"0.402";"0.2943";"0.3307";"0.3748";"0.4163";"0.335";"0.4243";"0.2446";"0.3107";"0.7151"
"a-343409";"Z_4";"50";"product";"FALSE";"100";"0";"0.2";"3";"0.0383";"0.0428";"0.6879";"0.0557";"0.6693";"0.0509";"0.8074";"0.088";"0.613";"0.9423";"0.386";"0.7251";"1.3449";"1.015";"0.4745";"0.9954";"0.6851";"0.8823";"0.7622";"0.8195";"0.9541";"0.8308";"0.9582";"0.7953";"0.5332";"1.3781";"0.9487";"0.9331";"0.6187";"0.6539";"0.8021"
"a-144445";"Z_5";"5";"product";"FALSE";"2";"0";"5";"1";"1.7481";"1.4799";"1.7619";"1.9529";"1.9277";"1.3202";"1.8458";"1.7652";"1.9488";"1.5427";"1.8303";"1.8433";"1.5313";"1.9238";"1.8833";"1.7935";"1.8466";"1.7848";"1.8339";"1.8273";"1.9789";"1.5809";"1.584";"1.9299";"1.8056";"1.6965";"1.9082";"1.6033";"1.7347";"1.8733";"1.5136"
"h-729166";"Z_2";"10";"sum";"FALSE";"50";"0.1";"2";"3";"1.1476";"0.959";"1.0094";"0.8022";"1.1813";"0.8483";"1.0664";"1.3883";"1.6281";"0.4645";"0.7454";"1.2564";"1.2648";"0.5731";"0.6005";"0.327";"1.0166";"0.7788";"1.0271";"1.3048";"1.7597";"0.6582";"0.4476";"0.3832";"0.9523";"0.5351";"1.3405";"0.7344";"1.3553";"0.459";"0.799"
"n-106302";"Z_4";"20";"sum";"TRUE";"3";"2";"2";"2";"0.1667";"0.1274";"0.7431";"0.0453";"0.9959";"0.1481";"0.6094";"0.0723";"0.9439";"1.632";"0.0594";"1.2102";"0.8987";"0.7431";"0.7911";"0.6737";"0.0747";"0.9822";"0.8348";"1.7083";"1.4768";"1.3788";"1.4377";"1.2731";"0.9852";"0.9155";"0.9852";"1.5336";"1.1108";"1.0779";"1.1786"
"l-874601";"Z_2";"100";"sum";"TRUE";"100";"0";"0";"1";"0.1151";"0.3949";"1.2091";"1.8551";"0.9345";"0.5626";"0.3088";"0.0459";"0.6369";"0.9542";"1.1213";"0.4658";"1.2758";"1.3695";"1.1526";"0.5209";"0.2353";"0.1113";"0.2769";"0.3559";"1.0088";"0.8013";"0.6236";"0.8375";"1.4695";"0.4201";"0.5438";"0.3235";"0.8546";"0.6971";"0.399"
"i-974643";"Z_3";"20";"product";"TRUE";"10";"10";"0.1";"3";"0.8982";"0.9932";"0.3408";"0.872";"0.2129";"1.0669";"0.1603";"0.918";"0.5785";"0.2647";"1.0009";"0.316";"0.1718";"0.165";"0.1596";"0.8474";"1.0109";"0.7355";"0.2563";"0.3552";"0.2718";"0.2176";"0.2411";"0.1778";"0.1839";"0.8504";"0.811";"0.4348";"0.2455";"0.176";"0.4542"
"u-698129";"Z_5";"20";"sum";"TRUE";"20";"2";"0.5";"2";"0.2913";"0.3175";"0.251";"0.2499";"0.3089";"0.2956";"0.2815";"0.269";"0.3135";"0.2679";"0.2223";"0.3583";"0.1762";"0.3765";"0.3063";"0.2427";"0.1859";"0.3542";"0.2558";"0.3989";"0.2654";"0.2956";"0.3621";"0.3253";"0.3464";"0.2162";"0.4167";"0.3401";"0.3385";"0.3079";"0.3215"
"g-883651";"Z_4";"50";"sum";"TRUE";"20";"0.5";"0.2";"1";"0.4134";"0.0398";"0.0276";"0.376";"1.5322";"0.0715";"0.1334";"0.1664";"1.7387";"0.0481";"0.0485";"0.8848";"0.0192";"0.4604";"0.4436";"0.0685";"0.0411";"0.7722";"0.0515";"0.3575";"0.3627";"0.0375";"0.3575";"0.4022";"0.6644";"0.0162";"1.0291";"0.3292";"0.4117";"0.1958";"0.8558"
"q-859038";"Z_1";"2";"sum";"TRUE";"50";"1";"0.1";"3";"0.7101";"0.5841";"0.5389";"0.6241";"0.6347";"0.4705";"0.6746";"0.6228";"0.4012";"0.5775";"0.5434";"0.5302";"0.5548";"0.4826";"0.5535";"0.4659";"0.4438";"0.5547";"0.7076";"0.3799";"0.4591";"0.5346";"0.556";"0.5452";"0.937";"0.5236";"0.3661";"0.547";"0.5417";"0.529";"0.4676"
"w-415214";"Z_1";"100";"product";"FALSE";"3";"0.1";"10";"3";"1.56";"1.7777";"1.9175";"1.6776";"1.826";"1.6598";"1.8582";"1.9197";"1.6734";"1.8072";"1.837";"1.5542";"1.7175";"1.528";"1.728";"1.5483";"1.1547";"1.8767";"1.9332";"1.957";"1.9468";"1.5665";"1.441";"1.7986";"1.8663";"1.8648";"1.7102";"1.5311";"1.5515";"1.5365";"1.4832"
"v-273591";"Z_2";"3";"sum";"FALSE";"20";"0.5";"0.1";"3";"0.7184";"0.1616";"0.0506";"0.0815";"0.2066";"1.4144";"0.3991";"1.0575";"0.8024";"0.1139";"0.3695";"0.1292";"0.0714";"0.0852";"0.2433";"1.3118";"1.5251";"0.9955";"0.7604";"0.5041";"1.0686";"0.2151";"0.0788";"0.3009";"0.0872";"1.277";"1.3685";"1.7145";"0.712";"0.1616";"1.687"
"e-897723";"Z_5";"100";"sum";"FALSE";"3";"0.5";"1";"2";"0.2473";"0.2461";"0.2454";"0.1787";"0.2744";"0.284";"0.3053";"0.1689";"0.3327";"0.2066";"0.1708";"0.267";"0.2423";"0.1944";"0.2584";"0.2332";"0.1476";"0.3161";"0.2497";"0.1711";"0.4398";"0.1722";"0.1604";"0.1588";"0.1364";"0.15";"0.2472";"0.2683";"0.1515";"0.1646";"0.2075"
"w-789317";"Z_2";"3";"product";"FALSE";"5";"2";"2";"3";"1.8996";"1e-04";"0.0012";"0.0039";"0.0014";"0.5907";"1.3753";"1.9718";"0.0366";"0.0151";"0.0143";"6e-04";"0.0113";"0.1889";"0.0172";"1.1128";"1.8859";"0.0586";"0.1565";"1.9448";"0.4988";"0.0545";"0.0205";"0.0427";"0.0132";"1.5568";"1.8987";"1.3233";"1.8756";"0.0102";"1.425"
"a-725188";"Z_2";"5";"product";"TRUE";"2";"2";"0.5";"4";"0.4237";"0.543";"0.7094";"1.037";"0.7768";"1.3074";"0.4924";"1.0963";"0.4237";"1.4761";"1.2855";"0.9298";"1.0673";"0.8744";"1.6393";"1.2396";"0.9266";"0.8211";"1.5835";"0.5977";"0.5343";"1.7105";"1.2459";"1.3355";"1.3074";"1.3345";"1.1937";"1.5644";"1.6045";"1.6025";"0.8817"
"e-813366";"Z_1";"2";"product";"FALSE";"50";"0.2";"0";"4";"0.8226";"0.9277";"0.717";"0.7978";"0.7736";"1.201";"0.839";"1.0427";"0.9277";"1.0401";"0.727";"0.5952";"0.5674";"0.7504";"0.4904";"0.9354";"0.6402";"0.727";"0.9155";"0.6539";"1.201";"0.7504";"0.75";"0.5807";"0.7504";"0.9555";"0.4785";"0.717";"0.9354";"0.4667";"0.7008"
"s-890150";"Z_4";"5";"product";"FALSE";"20";"2";"0.5";"4";"0.789";"0.7532";"1.0404";"0.8675";"0.9256";"0.847";"1.0337";"0.9308";"0.7851";"0.8203";"0.7787";"0.7814";"0.9965";"0.7165";"0.8845";"0.4299";"0.3454";"0.5895";"0.528";"0.4221";"0.5756";"0.528";"0.5895";"0.8346";"0.7678";"0.3227";"0.7395";"0.6196";"0.9308";"0.7868";"0.5131"
"t-987641";"Z_1";"100";"product";"TRUE";"2";"5";"0.2";"2";"0.13";"1.3089";"0.5871";"0.6406";"1.0431";"0.3316";"0.2244";"0.2494";"0.4669";"1.5408";"1.2428";"1.3992";"0.6615";"1.5561";"1.1194";"0.7983";"0.5792";"1.0212";"0.5428";"0.3909";"0.5005";"0.9066";"1.5729";"1.1718";"1.4401";"0.7122";"1.0765";"0.5127";"0.9015";"1.4021";"0.3493"
"x-736688";"Z_5";"3";"sum";"FALSE";"10";"0";"2";"4";"0.9938";"1.2846";"1.4106";"1.6639";"1.4194";"0.9538";"1.1565";"1.2794";"1.1338";"1.2897";"1.1326";"1.3441";"1.2563";"1.2897";"1.115";"0.8879";"1.2521";"0.5151";"0.9558";"0.9954";"0.4976";"1.6415";"1.251";"0.9872";"1.5665";"0.9062";"1.0705";"0.5729";"0.9278";"1.3694";"1.413"
"b-805639";"Z_5";"2";"product";"FALSE";"20";"1";"0.1";"3";"0.1208";"0.4281";"0.2936";"0.3302";"0.2355";"0.1495";"0.2462";"0.2551";"0.0841";"0.3317";"0.3638";"0.3908";"0.5565";"0.2854";"0.2197";"0.6023";"0.8201";"0.3143";"0.2987";"0.2261";"0.3298";"0.2838";"0.4588";"0.244";"0.2421";"0.4503";"0.1564";"0.285";"0.4123";"0.2906";"0.2309"
"k-998997";"Z_5";"2";"product";"TRUE";"10";"0.2";"0";"4";"0.3384";"0.3087";"0.3204";"0.2506";"0.3346";"0.3844";"0.266";"0.197";"0.3914";"0.215";"0.221";"0.3718";"0.1614";"0.3237";"0.2292";"0.3056";"0.2826";"0.4468";"0.2289";"0.2972";"0.2719";"0.1585";"0.3102";"0.2318";"0.1494";"0.1588";"0.336";"0.2965";"0.1365";"0.1432";"0.1541"
"f-280884";"Z_1";"50";"sum";"FALSE";"3";"0.1";"10";"2";"0.4106";"0.5789";"0.6126";"0.3712";"0.7207";"0.0957";"0.3151";"0.1431";"0.3223";"0.4218";"0.2709";"0.6454";"0.4522";"0.9668";"0.6351";"0.5421";"0.2066";"0.149";"0.264";"0.3546";"0.6002";"0.1629";"0.4104";"0.2453";"0.5219";"0.0481";"0.6387";"0.3276";"0.2906";"0.1444";"0.1824"
"g-585707";"Z_2";"10";"product";"TRUE";"3";"10";"0.5";"3";"1.3447";"0.6599";"0";"0";"1e-04";"1.0169";"0.0709";"1.7329";"1.5083";"0.5005";"1.0238";"0.5394";"0";"0.0029";"5e-04";"0.9038";"1.4939";"0.9153";"1.0739";"0.6237";"1.1846";"0.5789";"0.1922";"0.7747";"0.0039";"0.8713";"1.2463";"0.8157";"0.9746";"0.2272";"0.9631"
"u-874840";"Z_1";"5";"product";"FALSE";"50";"5";"0";"1";"0.0237";"0.8507";"0.9404";"0.9723";"0.7672";"9e-04";"0.0057";"0.0342";"0.0053";"0.8106";"0.5404";"0.7853";"0.9216";"1.2445";"0.6412";"8e-04";"7e-04";"8e-04";"0.0031";"0.0032";"0.0024";"1.2505";"0.8469";"0.4585";"1.2816";"2e-04";"5e-04";"3e-04";"0.0025";"0.6886";"5e-04"
"i-561960";"Z_6";"50";"sum";"TRUE";"20";"10";"0.2";"1";"1.077";"0.8445";"0.8468";"0";"0.7792";"0.1743";"1.0631";"4e-04";"0.3719";"1.2633";"0.0415";"0.6233";"1e-04";"0.1707";"0.0037";"1.1266";"0.0014";"0.9412";"0.0952";"0.005";"0.3997";"0.0878";"0.2498";"0.4681";"0.818";"0.0394";"0.3044";"0.7077";"1.405";"0.3199";"0.818"
